<review for-group="von_Mehren_Malte__fns304__group_698393">
  <exercises>

    <question1>
      <title>Serializability and Locking</title>
      <schedule1>
        <text>
          Is the solution provided both correct and includes a convincing short
          argument justifying it?
        </text>
        <answer>YES</answer>
        <comment>
          Well formed argument.
        </comment>
      </schedule1>

      <schedule2>
        <text>
          Is the solution provided both correct and includes a convincing short
          argument justifying it?
        </text>
        <answer>YES</answer>
        <comment>
          Well formed argument.
        </comment>
      </schedule2>
    </question1>

    <question2>
      <title>Optimistic Concurrency Control</title>
      <scenario1>
        <text>
          Is the solution provided both correct and includes a convincing short
          argument justifying it?
        </text>
        <answer>YES</answer>
        <comment>
          You don't specifically mention it is object 4 that is the problem, but it is visible in the answer. 
        </comment>
      </scenario1>

      <scenario2>
        <text>
          Is the solution provided both correct and includes a convincing short
          argument justifying it?
        </text>
        <answer>YES</answer>
        <comment>
          You don't specifically mention it is object 4 that is the problem, but it is visible in the answer. 
      </comment>
      </scenario2>

      <scenario3>
        <text>
          Is the solution provided both correct and includes a convincing short
          argument justifying it?
        </text>
        <answer>YES</answer>
        <comment>Well formed argument.</comment>
      </scenario3>

    </question2>
  </exercises>

  <programming>

    <question1>
      <title>Description of implementation and tests</title>
      <q1a>
        <text>
          Does the solution contain a clear description of the approach
          used to achieve before-or-after atomicity?
        </text>
        <answer>YES</answer>
      </q1a>
      <q1b>
        <text>
          Provide comments on any aspects that you found unclear in the
          description of the approach to achieve before-or-after atomicity
        </text>
        <answer>
          One thing you might want to add is that your implementation use a global lock to achive this. 
        </answer>
      </q1b>
      <q1c>
        <text>
          Does the code include implementations of Tests 1 and 2 of the
          assignment description as well as of at least another two test
          cases?
        </text>
        <answer>YES</answer>
      </q1c>
      <q1d-i>
        <text>
          Is it tested that the final state resulting from concurrent
          execution
          is correct in that it respects invariants designed in the test?
        </text>
        <answer>YES</answer>
      </q1d-i>
      <q1d-ii>
        <text>
          Is it tested that intermediate reads of the state during concurrent
          execution respect invariants designed in the test, so that it is
          arguable that these intermediate states could be found in an
          equivalent serial schedule?
        </text>
        <answer>NO</answer>
      </q1d-ii>
      <q1e>
        <text>
          Provide comments on why you found that any portions of the test
          descriptions were unclear according to the criteria, and suggestions for
          improvement
        </text>
        <answer>
          Well described tests.
          Nice with reference to the method name, maybe also write what file the tests can be found in.
          In test 3 it looks like you try to test the intermediate results, by checking that the list never 
          contains the wrong number of elements. 
        </answer>
      </q1e>
    </question1>

    <question2>
      <title>Correctness argument for locking protocol</title>
      <q2a>
        <text>
          Is the variant of 2PL to which equivalence is being established in
          the correctness argument clearly identified (e.g., conservative, strict,
          conservative strict)?
        </text>
        <answer>YES</answer>
      </q2a>
      <q2b>
        <text>
          Is there a sound argumentation of why the steps in the locking
          protocol designed correspond to steps taken in the chosen variant
          of 2PL?
        </text>
        <answer>YES</answer>
      </q2b>
      <q2c>
        <text>
          Is there an argument for the need to take into account predicate
          reads, with appropriate justification?
        </text>
        <answer>NO</answer>
      </q2c>
      <q2d>
        <text>
          Is there an argument for the need to take into account predicate
          reads, with appropriate justification?
        </text>
        <answer>
          A shot explanation of why your implementation is dealing with predicate read correcly
          should be added. 
        </answer>
      </q2d>
    </question2>

    <question3>
      <title>Deadlocks</title>
      <q3a>
        <text>
          Does the solution contain a correct argument for why deadlocks can
          occur in the locking protocol or why deadlocks cannot occur?
        </text>
        <answer>YES</answer>
      </q3a>
      <q3b>
        <text>
          Provide comments on how the argument provided with respect to
          deadlocks could be improved
        </text>
        <answer>Well formed argument.</answer>
      </q3b>
    </question3>

    <question4>
      <title>Reflections on scalability</title>
      <q4a>
        <text>
          Is there a sound argument about the scalability limits of the
          concurrent implementation provided?
        </text>
        <answer>NO</answer>
      </q4a>
      <q4b>
        <text>
          Provide comments on how the reflections on scalability could be
          improved
        </text>
        <answer>
          The reflections you make are good, but does not mention how the implementation would handle
          more hardware resourses being added or how it would work if it was distributed over several mashines. 
        </answer>
      </q4b>
    </question4>

    <question5>
      <title>Argumentation on decisions made for performance</title>
      <q5a>
        <text>
          Is there a sound argument in the solution about the trade-off between
          locking overhead and concurrency?
        </text>
        <answer>NO</answer>
      </q5a>
      <q5b>
        <text>
          Provide comments on how the argument about performance trade-offs in
          the locking protocol could be improved
        </text>
        <answer>
          You describe the effect different ratios of read and write operations will have on performance,
          but not how performance is affected when more clients access the service.
        </answer>
      </q5b>
    </question5>
  </programming>
</review>
